ID,Username,Address,JobDesignation
1,johndoe,Thoothukudi,Software Engineer
2,janedoe,Tirunelveli,DevOps
3,marksmith,Madurai,Data Scientist
4,sarahconnor,Chennai,Software Engineer
5,emilyjohnson,Thoothukudi,Data Scientist
6,danbrown,Tirunelveli,DevOps
7,lisamartin,Madurai,Software Engineer
8,kevinwhite,Chennai,Data Scientist
9,jameslee,Thoothukudi,DevOps
10,mariawilliams,Tirunelveli,Software Engineer
11,alisonmartin,Chennai,Software Engineer
12,peterparker,Thoothukudi,Data Scientist
13,maryjones,Tirunelveli,DevOps
14,johngreen,Madurai,Software Engineer
15,lucaswright,Chennai,Data Scientist
16,oliviasmith,Thoothukudi,DevOps
17,jacobwilson,Tirunelveli,Software Engineer
18,avaevans,Madurai,Data Scientist
19,liamthomas,Chennai,DevOps
20,sofiawhite,Thoothukudi,Software Engineer
